<?xml version="1.0"?>
<pagescount>
	<html_total>1</html_total>
	<html_done>1</html_done>
	<images>47</images>
	<script/>
	<css>29</css>
	<pdf/>
	<documents/>
	<excel/>
	<powerpoint/>
	<flash/>
	<audios/>
	<videos/>
	<xml/>
	<json/>
	<txt/>
	<autocad/>
	<model_3d/>
	<fonts>116</fonts>
	<scraping_reload>1</scraping_reload>
	<is_pretty_url>false</is_pretty_url>
	<has_trailing_slash>false</has_trailing_slash>
	<is_ebn>false</is_ebn>
	<email>iammr.a77@gmail.com</email>
	<theme_name>WmdTheme961834</theme_name>
	<server_url_front_page>https://www6.waybackmachinedownloader.com/wdo/files/demo/ayurvedictattva.org_iammr.a77_gmail.com_j8mg8yi4h9/</server_url_front_page>
	<no_www_url>ayurvedictattva.org</no_www_url>
	<hosted_domain/>
	<original_archive_url>https://ayurvedictattva.org/vision-veda-lp/</original_archive_url>
	<final_archive_url>https://ayurvedictattva.org/vision-veda-lp/</final_archive_url>
	<front_page_code_date/>
	<total_urls_from_api/>
	<max_reached_live>false</max_reached_live>
	<scrape_other_captures>false</scrape_other_captures>
	<total_size>8</total_size>
</pagescount>
